{
  "MOTA": 0.9783757674837679,
  "MOTP": 0.7930008657372165,
  "IDF1": 0.4237628111273792,
  "ID_Switches": 398,
  "Fragmentations": 298,
  "True_Positives": 106807,
  "False_Positives": 1080,
  "False_Negatives": 850,
  "Total_Frames": 10800,
  "Avg_Track_Length": 10680.7
}