{
  "MOTA": 0.9948215379475472,
  "MOTP": 0.7402266397817414,
  "IDF1": 0.7608928140200779,
  "ID_Switches": 41,
  "Fragmentations": 18,
  "True_Positives": 35858,
  "False_Positives": 85,
  "False_Negatives": 60,
  "Total_Frames": 3600,
  "Avg_Track_Length": 3585.8
}